carYear,price,hasAccidents,fuelType,mileage
2005,3999,FALSE,2,113740
2005,3990,TRUE,2,131705
2005,4995,FALSE,2,141200
2005,3828,FALSE,2,213925
2005,3650,FALSE,5,156
2005,3995,TRUE,2,223636
2005,8500,FALSE,5,65255
2005,5995,FALSE,2,114478
2005,5450,FALSE,2,146787
2005,3450,TRUE,2,123310
2005,4900,FALSE,2,115302
2005,6475,FALSE,2,76000
2005,6900,FALSE,2,97955
2005,5995,FALSE,5,94919
2005,6495,FALSE,2,138526
2005,6995,FALSE,2,128999
2005,8900,FALSE,2,88879
2005,4300,TRUE,5,146649
2005,5995,FALSE,5,73808
2005,8094,FALSE,2,128433
2005,6993,FALSE,2,113554
2005,5495,FALSE,2,94293
2005,3999,FALSE,5,153360
2005,5995,TRUE,2,116704
2005,4995,FALSE,2,128935
2005,5985,TRUE,2,122187
2005,4500,FALSE,2,97211
2005,3999,FALSE,2,158369
2005,3999,TRUE,2,158728
2005,4999,FALSE,2,109000
2005,5295,FALSE,2,123901
2005,5999,TRUE,2,127360
2005,5999,TRUE,2,127360
2005,6998,TRUE,2,99110
2005,6998,TRUE,2,99110
2005,3500,TRUE,5,136740
2005,6995,FALSE,5,92922
2005,3500,FALSE,5,209600
2005,7700,FALSE,2,73694
2005,5988,FALSE,2,115095
2005,6495,FALSE,2,118802
2005,6495,FALSE,2,118802
2005,6228,FALSE,2,118994
2005,4500,FALSE,2,152951
2005,6700,FALSE,2,133530
2005,5888,FALSE,2,138000
2005,4400,FALSE,2,149201
2005,12995,FALSE,5,33856
2005,4599,FALSE,2,122868
2005,5400,TRUE,2,115000
2005,4999,TRUE,2,160457
2005,3995,FALSE,2,138969
2005,7995,FALSE,2,54447
2005,4500,FALSE,2,133376
2005,6900,TRUE,5,71016
2005,4500,FALSE,2,91713
2005,4995,TRUE,2,148302
2005,5500,FALSE,2,126094
2005,6995,TRUE,2,145710
2005,5995,FALSE,2,58072
2005,8995,FALSE,2,46000
2005,4300,FALSE,2,176238
2005,6995,FALSE,2,92705
2005,6995,FALSE,2,92705
2005,4100,TRUE,2,138535
2005,6995,FALSE,5,116740
2005,4595,FALSE,5,166523
2005,7500,FALSE,2,80000
2005,5995,FALSE,5,106579
2005,5999,FALSE,5,86601
2005,5995,TRUE,2,136025
2005,5995,TRUE,2,136025
2005,5998,FALSE,5,105359
2005,4995,FALSE,5,119044
2005,4500,FALSE,2,145390
2005,6995,FALSE,2,84849
2005,5200,TRUE,2,111477
2005,4995,FALSE,2,106194
2005,4995,FALSE,2,100675
2005,5900,FALSE,2,162977
2005,4999,FALSE,2,128859
2005,5497,FALSE,2,137210
2005,7977,FALSE,5,59565
2005,7985,TRUE,2,75427
2005,6577,TRUE,2,79429
2005,5995,FALSE,2,122754
2005,4950,FALSE,2,149000
2005,4900,FALSE,2,124450
2005,4999,FALSE,2,104263
2005,4495,FALSE,2,124432
2005,4999,FALSE,5,152904
2005,4988,TRUE,2,135203
2005,4999,FALSE,2,122804
2005,4999,FALSE,5,63697
2005,4950,FALSE,5,137949
2005,7425,FALSE,2,189256
2005,5950,FALSE,5,109438
2005,6495,FALSE,2,116997
2005,6495,FALSE,2,116997
2005,4995,TRUE,2,229833
2005,4995,FALSE,2,134334
2005,5777,FALSE,2,111755
2005,5600,FALSE,2,98062
2005,8799,FALSE,2,59048
2005,5995,FALSE,5,77221
2005,5995,FALSE,2,101770
2005,6986,TRUE,2,88021
2005,6986,TRUE,2,88021
2005,4890,FALSE,2,144120
2005,6995,FALSE,2,57140
2005,5999,FALSE,2,132000
2005,5999,FALSE,2,132000
2005,6500,FALSE,2,75820
2005,6450,FALSE,2,97634
2005,3995,FALSE,2,155735
2005,3400,FALSE,2,144734
2005,4995,TRUE,2,174249
2005,6295,FALSE,5,92865
2005,4499,FALSE,2,145701
2005,6950,FALSE,5,99000
2005,6950,FALSE,5,99000
2005,3600,FALSE,2,180000
2005,7999,FALSE,2,65107
2005,6995,FALSE,2,82740
2005,3999,FALSE,5,160262
2005,4995,FALSE,2,106958
2005,7995,TRUE,5,156772
2005,4000,TRUE,2,169674
2005,6400,FALSE,2,92375
2005,4995,FALSE,2,150785
2005,3495,FALSE,2,139922
2005,3995,FALSE,2,168213
2005,3995,FALSE,2,188877
2005,8400,FALSE,2,47785
2005,7400,FALSE,2,72570
2005,4500,FALSE,2,135280
2005,6750,FALSE,5,164329
2005,4499,FALSE,2,141417
2005,4995,FALSE,2,120096
2005,4495,FALSE,2,171471
2005,4995,FALSE,2,166525
2005,4995,FALSE,2,166525
2005,4250,TRUE,2,152183
2005,6647,FALSE,2,106876
2005,3985,FALSE,2,130333
2005,5200,TRUE,5,82025
2005,6200,TRUE,2,141321
2005,6200,TRUE,2,141321
2005,5995,FALSE,2,130983
2005,2900,FALSE,2,178719
2005,6888,FALSE,2,76380
2005,6995,TRUE,2,52245
2005,5495,FALSE,2,99665
2005,3900,FALSE,2,128000
2005,4995,TRUE,2,115103
2005,5488,FALSE,2,89015
2005,8850,FALSE,2,60227
2005,7995,FALSE,5,46254
2006,4800,TRUE,2,164450
2006,4800,TRUE,2,164450
2006,4695,FALSE,2,115464
2006,6498,FALSE,2,89456
2006,3795,TRUE,2,183200
2006,3995,FALSE,2,144409
2006,9750,FALSE,2,131178
2006,6490,FALSE,2,88675
2006,5150,TRUE,2,83678
2006,6600,TRUE,2,91638
2006,5995,FALSE,2,126838
2006,5988,FALSE,2,129820
2006,5350,FALSE,2,127090
2006,4600,TRUE,2,158683
2006,4995,TRUE,2,119411
2006,5495,TRUE,2,135000
2006,5995,FALSE,2,81798
2006,3995,TRUE,2,148540
2006,5495,FALSE,2,97200
2006,6995,FALSE,2,83129
2006,8500,FALSE,2,85758
2006,5995,FALSE,2,136435
2006,4977,FALSE,2,164668
2006,4900,FALSE,2,111114
2006,6995,FALSE,2,92020
2006,8285,FALSE,2,64156
2006,5499,TRUE,2,74892
2006,4400,FALSE,2,110609
2006,6990,FALSE,2,91427
2006,4595,FALSE,2,130065
2006,5444,FALSE,2,116146
2006,5100,TRUE,2,158337
2006,5888,TRUE,2,129273
2006,5888,TRUE,2,129273
2006,4995,FALSE,2,116951
2006,8995,FALSE,2,79500
2006,7680,FALSE,2,110643
2006,1950,FALSE,2,154541
2006,5990,FALSE,2,90000
2006,5995,FALSE,2,131895
2006,5900,FALSE,2,85938
2006,5995,FALSE,2,117900
2006,4400,FALSE,2,143280
2006,6999,FALSE,2,88273
2006,4499,FALSE,2,148581
2006,4900,FALSE,2,102091
2006,7888,FALSE,2,79000
2006,6888,FALSE,2,117950
2006,7950,FALSE,2,89224
2006,7495,FALSE,2,133959
2006,5850,FALSE,2,115246
2006,4499,FALSE,2,142401
2006,8995,TRUE,2,54835
2006,11900,TRUE,2,57537
2006,7995,FALSE,2,139657
2006,5995,FALSE,2,107381
2006,5500,FALSE,2,102535
2006,4999,FALSE,2,140839
2006,4495,TRUE,2,166135
2006,4999,TRUE,2,123539
2006,6199,FALSE,2,175679
2006,4995,FALSE,2,164047
2006,6499,TRUE,2,93694
2006,7988,FALSE,2,90525
2006,3495,FALSE,2,179860
2006,3900,TRUE,2,133284
2006,5995,FALSE,2,102355
2006,3995,FALSE,2,203424
2006,3995,TRUE,2,163944
2006,6855,TRUE,2,81393
2006,6995,FALSE,2,139934
2006,5995,FALSE,2,118030
2006,5999,FALSE,2,109074
2006,8499,FALSE,2,48126
2006,7999,FALSE,2,100009
2006,7999,FALSE,2,105722
2006,4999,FALSE,2,145012
2006,6495,FALSE,2,93476
2006,3700,FALSE,2,191038
2006,4999,FALSE,2,112976
2006,8899,FALSE,2,87888
2006,5350,TRUE,2,111276
2006,5900,FALSE,2,118483
2006,6995,FALSE,2,88841
2006,6990,FALSE,2,91133
2006,6988,FALSE,2,106668
2006,9921,FALSE,2,70846
2006,10995,TRUE,2,21000
2006,6995,FALSE,2,68239
2006,5995,FALSE,2,126000
2006,4995,FALSE,2,173155
2006,4995,FALSE,2,173155
2006,5950,FALSE,2,112103
2006,3995,TRUE,2,12327
2006,11995,FALSE,2,21247
2006,8995,FALSE,2,21487
2006,4995,TRUE,2,102204
2006,6295,TRUE,2,101052
2006,6295,TRUE,2,101052
2006,5776,FALSE,2,64949
2006,3990,FALSE,2,156984
2006,3295,FALSE,2,157740
2006,6999,TRUE,2,127837
2006,4400,TRUE,2,179500
2006,5995,FALSE,2,97123
2006,7250,FALSE,2,110429
2006,6990,FALSE,2,126499
2006,5400,FALSE,2,96945
2006,5499,FALSE,2,161875
2006,7995,FALSE,2,79127
2006,7995,FALSE,2,79127
2006,7900,FALSE,2,118976
2006,5490,TRUE,2,90478
2006,6997,FALSE,2,86001
2006,5000,FALSE,2,163525
2006,3795,TRUE,2,160312
2006,5999,FALSE,2,110490
2006,5997,FALSE,2,142834
2006,4700,FALSE,2,152329
2006,4900,TRUE,2,169028
2006,4900,TRUE,2,169028
2006,4900,FALSE,2,153424
2006,4900,FALSE,2,153424
2006,6495,FALSE,2,95057
2006,7492,FALSE,2,68795
2006,5995,FALSE,2,109794
2006,7995,FALSE,2,65941
2006,7995,FALSE,2,65941
2006,6490,FALSE,2,117675
2006,6490,FALSE,2,117675
2006,4995,FALSE,2,114816
2006,6517,FALSE,2,100991
2006,7995,FALSE,2,77794
2006,7995,FALSE,2,77794
2006,4900,FALSE,2,156557
2006,5999,FALSE,2,158365
2006,5999,FALSE,2,158365
2006,7900,FALSE,2,45700
2006,8999,TRUE,2,90125
2006,6490,FALSE,2,124381
2006,6490,FALSE,2,124381
2006,6000,FALSE,2,120200
2006,5499,FALSE,2,112288
2006,5995,FALSE,2,194419
2006,5750,FALSE,2,149117
2006,5499,TRUE,2,106300
2006,6495,FALSE,2,117291
2006,5995,FALSE,2,113657
2006,6495,TRUE,2,89917
2006,6995,FALSE,2,64620
2006,5999,TRUE,2,76863
2006,5599,TRUE,2,80548
2006,4995,FALSE,2,130090
2006,9900,TRUE,2,74104
2006,5995,FALSE,2,92836
2006,6995,FALSE,2,92945
2006,5995,FALSE,2,126753
2006,5995,FALSE,2,95434
2006,5750,FALSE,2,144738
2006,5900,TRUE,2,128572
2006,5900,TRUE,2,128572
2006,6995,FALSE,2,69000
2006,3999,TRUE,2,151019
2006,4995,TRUE,2,92054
2006,7850,FALSE,2,95500
2006,4995,FALSE,2,114109
2006,3999,TRUE,2,167695
2006,6500,TRUE,2,98000
2006,6980,FALSE,2,84309
2006,4950,FALSE,2,164000
2006,4750,TRUE,2,128000
2006,6411,FALSE,2,105724
2006,8495,FALSE,2,113666
2006,7495,FALSE,2,93513
2006,7495,FALSE,2,93513
2007,3990,TRUE,5,15000
2007,4995,FALSE,2,117601
2007,7000,FALSE,2,129799
2007,6999,FALSE,5,101225
2007,5990,FALSE,5,127709
2007,6900,FALSE,2,115982
2007,6495,FALSE,2,96005
2007,6995,TRUE,5,109000
2007,6595,FALSE,2,124160
2007,5995,FALSE,5,125249
2007,5999,FALSE,5,109534
2007,5973,TRUE,2,115776
2007,5995,FALSE,2,117981
2007,6895,TRUE,5,96250
2007,6999,FALSE,5,111120
2007,6895,FALSE,5,74112
2007,7900,FALSE,2,84480
2007,5995,FALSE,5,142693
2007,7495,FALSE,2,99847
2007,6999,FALSE,5,87790
2007,4950,FALSE,5,129904
2007,4300,TRUE,2,172759
2007,7500,FALSE,5,95200
2007,6450,FALSE,5,125104
2007,6577,FALSE,5,130190
2007,6577,FALSE,5,130190
2007,3995,FALSE,2,180585
2007,4650,TRUE,2,166872
2007,6900,FALSE,5,125785
2007,6995,FALSE,2,89361
2007,6677,FALSE,2,113057
2007,6995,FALSE,5,78600
2007,6990,FALSE,2,95832
2007,6990,TRUE,5,131273
2007,6990,TRUE,5,131273
2007,6888,FALSE,5,112489
2007,4999,TRUE,5,123012
2007,10000,FALSE,2,52389
2007,10000,FALSE,2,52389
2007,6495,FALSE,5,107576
2007,4499,TRUE,2,158612
2007,4499,FALSE,2,175825
2007,5995,TRUE,2,121371
2007,4250,FALSE,5,137915
2007,5795,TRUE,5,115199
2007,6990,FALSE,5,104337
2007,6600,TRUE,5,105300
2007,3999,TRUE,5,172964
2007,7495,FALSE,2,161351
2007,5900,FALSE,5,120694
2007,5500,TRUE,5,155889
2007,6999,FALSE,5,90276
2007,8000,TRUE,5,79983
2007,8988,FALSE,2,86732
2007,4450,FALSE,2,193082
2007,6450,FALSE,5,118458
2007,7995,TRUE,5,104850
2007,8999,FALSE,5,104000
2007,5900,FALSE,2,138351
2007,6495,FALSE,5,115017
2007,11995,TRUE,2,89017
2007,11995,TRUE,2,89017
2007,6500,FALSE,2,111007
2007,6195,FALSE,2,140689
2007,9000,FALSE,5,70194
2007,9000,FALSE,5,70194
2007,6999,FALSE,2,127944
2007,6999,FALSE,2,127944
2007,3499,FALSE,5,146025
2007,6788,FALSE,5,111484
2007,7500,FALSE,5,83850
2007,4988,TRUE,2,90165
2007,6988,FALSE,2,98124
2007,8995,FALSE,2,76463
2007,8995,FALSE,2,76463
2007,7016,FALSE,5,82063
2007,4999,FALSE,2,161202
2007,5495,FALSE,2,99869
2007,7995,TRUE,2,72059
2007,6500,TRUE,5,128120
2007,8921,FALSE,5,68929
2007,7495,FALSE,5,75021
2007,5495,FALSE,5,131987
2007,7995,TRUE,5,142551
2007,5988,FALSE,5,103340
2007,12700,FALSE,5,73569
2007,8995,FALSE,2,68956
2007,9850,FALSE,2,35757
2007,6455,FALSE,5,119380
2007,6990,TRUE,2,108358
2007,5900,FALSE,5,125022
2007,7900,FALSE,5,88452
2007,8495,FALSE,2,68389
2007,9277,FALSE,5,92177
2007,5995,TRUE,5,184835
2007,6095,FALSE,2,128699
2007,8498,FALSE,2,128939
2007,3995,FALSE,5,186383
2007,8486,FALSE,2,90581
2007,8486,FALSE,2,90581
2007,6995,TRUE,5,111880
2007,6999,TRUE,2,154454
2007,5995,FALSE,2,133635
2007,7995,FALSE,5,80112
2007,5981,FALSE,2,87738
2007,8500,TRUE,2,86697
2007,8500,TRUE,2,86697
2007,5999,FALSE,5,107650
2007,5900,FALSE,2,141209
2007,5900,FALSE,5,89279
2007,6881,FALSE,5,111592
2007,6999,FALSE,2,160710
2007,8995,FALSE,2,54622
2007,6850,FALSE,2,81265
2007,6950,FALSE,5,88794
2007,9990,FALSE,2,57323
2007,7995,FALSE,2,82000
2007,7500,FALSE,5,65111
2007,5495,FALSE,5,115601
2007,7988,FALSE,2,117052
2007,4995,FALSE,5,109350
2007,4495,FALSE,2,153401
2007,4499,FALSE,5,111997
2007,6450,TRUE,2,87531
2007,6995,FALSE,5,88315
2007,6100,FALSE,5,109561
2007,2000,TRUE,5,130664
2007,5195,TRUE,5,157408
2007,5995,FALSE,5,149127
2007,5850,FALSE,2,120000
2007,6495,FALSE,5,99266
2007,7995,FALSE,5,87244
2007,7995,FALSE,5,87244
2007,7374,FALSE,5,87156
2007,6900,FALSE,5,121213
2007,6900,FALSE,5,121213
2007,4995,FALSE,5,135077
2007,5900,TRUE,5,117150
2007,5495,FALSE,5,104434
2007,6995,FALSE,2,127108
2007,6995,FALSE,2,127108
2007,6699,FALSE,2,106104
2007,3495,FALSE,5,163704
2007,3999,FALSE,5,156655
2007,7500,FALSE,2,87639
2007,7500,FALSE,2,99789
2007,7889,FALSE,5,81742
2007,8990,FALSE,2,79645
2007,8990,FALSE,2,79645
2007,12999,FALSE,5,82399
2007,12999,FALSE,5,82399
2007,5995,TRUE,5,96732
2007,4995,TRUE,5,133257
2007,4690,FALSE,5,140650
2007,4750,FALSE,5,141210
2007,8975,FALSE,2,74395
2007,8975,FALSE,2,74395
2007,9795,FALSE,2,25882
2007,6995,TRUE,5,99928
2007,3500,FALSE,5,115774
2007,6000,FALSE,2,106751
2007,6499,TRUE,5,80982
2007,6995,TRUE,5,79491
2007,5700,TRUE,2,127512
2007,6490,FALSE,5,94455
2007,6995,FALSE,5,91446
2007,5995,FALSE,5,122746
2007,6995,FALSE,2,98458
2007,6850,FALSE,5,113992
2007,7990,FALSE,2,72806
2007,7999,TRUE,2,113748
2007,6500,FALSE,2,152218
2007,6495,TRUE,5,106000
2007,6988,FALSE,2,110654
2007,5588,FALSE,5,132508
2007,10493,FALSE,5,36080
2007,10493,FALSE,5,36080
2007,7400,FALSE,2,102127
2007,5798,FALSE,2,121851
2007,5950,TRUE,5,116831
2007,5999,TRUE,5,122068
2007,8985,FALSE,2,63300
2007,6995,FALSE,2,131049
2007,6995,FALSE,2,131049
2007,7362,FALSE,5,87747
2007,7999,FALSE,5,90319
2007,7999,FALSE,5,90319
2007,8900,FALSE,5,49756
2007,7800,FALSE,5,96767
2007,5300,FALSE,5,108724
2007,4995,FALSE,2,178459
2007,4995,FALSE,2,178459
2007,7200,FALSE,5,65903
2007,9000,FALSE,5,58776
2007,8999,FALSE,5,64950
2007,8999,FALSE,5,64950
2007,4495,FALSE,2,137654
2007,6444,FALSE,5,92023
2007,6995,FALSE,2,97381
2007,5495,FALSE,5,131500
2007,6996,FALSE,5,82167
2007,8950,FALSE,5,78041
2007,8950,FALSE,5,78041
2007,2999,FALSE,5,197574
2007,8995,FALSE,2,143221
2007,5999,FALSE,5,114119
2007,7900,FALSE,2,96703
2007,7995,FALSE,5,73000
2007,4500,FALSE,2,127722
2007,7900,FALSE,5,80698
2007,6995,FALSE,2,135330
2007,8450,TRUE,2,54284
2007,6995,FALSE,5,99287
2007,5495,FALSE,2,157098
2007,5998,FALSE,2,117286
2007,6995,FALSE,2,119891
2007,5000,FALSE,5,97717
2007,6900,FALSE,5,75925
2007,7288,FALSE,5,90485
2007,5995,FALSE,5,116322
2007,6995,FALSE,5,119159
2007,5699,FALSE,5,104118
2007,3950,FALSE,2,152783
2007,7995,FALSE,5,106521
2007,7499,TRUE,5,111177
2007,7499,TRUE,5,111177
2007,6990,FALSE,5,80000
2007,8777,FALSE,5,89892
2007,6495,FALSE,5,125352
2007,7000,FALSE,5,82790
2007,9999,FALSE,5,65191
2007,7950,FALSE,5,99525
2007,5799,FALSE,5,88840
2007,8999,FALSE,5,55868
2007,6995,TRUE,5,114640
2007,7995,FALSE,5,75065
2008,10300,FALSE,2,83281
2008,11809,TRUE,2,65288
2008,6999,TRUE,2,92592
2008,10450,FALSE,2,91798
2008,7995,FALSE,2,80052
2008,7990,FALSE,2,181945
2008,9200,FALSE,2,82004
2008,8995,TRUE,2,129411
2008,8995,TRUE,2,129411
2008,10900,FALSE,2,118475
2008,11995,FALSE,2,40967
2008,9535,FALSE,2,94504
2008,10499,TRUE,2,65392
2008,7495,TRUE,2,141620
2008,11388,FALSE,2,84635
2008,7888,FALSE,2,96678
2008,7888,FALSE,2,161798
2008,7888,FALSE,2,161798
2008,11500,FALSE,2,73769
2008,8900,FALSE,2,123236
2008,11777,FALSE,2,103563
2008,7998,FALSE,2,80047
2008,10995,TRUE,2,101558
2008,14995,FALSE,2,29115
2008,8995,FALSE,2,89597
2008,7300,FALSE,2,149867
2008,11999,TRUE,2,108703
2008,12000,FALSE,2,75000
2008,10999,TRUE,2,111303
2008,9999,FALSE,2,97481
2008,7999,FALSE,2,98904
2008,10850,FALSE,2,89686
2008,9995,FALSE,2,78984
2008,8999,FALSE,2,111066
2008,7995,FALSE,2,115504
2008,8500,TRUE,2,114914
2008,7777,FALSE,2,128353
2008,6900,FALSE,2,134000
2008,10999,FALSE,2,84773
2008,10999,FALSE,2,84773
2008,7800,FALSE,2,195806
2008,12995,FALSE,2,89584
2008,8999,FALSE,2,121402
2008,7495,FALSE,2,126000
2008,9995,FALSE,2,104663
2008,9995,FALSE,2,140349
2008,12500,FALSE,2,55101
2008,6995,FALSE,2,150357
2008,7495,TRUE,2,115757
2008,9995,TRUE,2,97756
2008,10973,TRUE,2,92636
2008,8996,FALSE,2,93071
2008,8973,TRUE,2,161880
2008,12795,FALSE,2,53699
2008,8888,FALSE,2,109627
2008,8999,TRUE,2,103500
2008,9990,FALSE,2,94203
2008,8994,FALSE,2,70941
2008,7495,FALSE,2,150531
2008,9999,TRUE,2,89987
2008,8995,FALSE,2,138194
2008,9487,FALSE,2,100212
2008,8688,TRUE,2,110762
2008,8588,FALSE,2,117132
2008,8980,FALSE,2,122393
2008,10900,FALSE,2,84123
2008,8888,TRUE,2,111888
2008,7991,FALSE,2,113462
2008,10900,FALSE,2,89999
2008,10900,FALSE,2,89999
2008,8995,FALSE,2,108242
2008,7900,FALSE,2,165329
2008,8998,FALSE,2,137222
2008,10495,TRUE,2,72218
2008,8695,FALSE,2,117213
2008,10195,FALSE,2,77000
2008,12399,FALSE,2,77740
2008,12399,FALSE,2,77740
2008,7999,FALSE,2,124000
2008,5500,TRUE,2,174309
2008,9995,FALSE,2,78206
2008,8995,FALSE,2,100309
2008,7695,FALSE,2,109805
2008,7995,FALSE,2,153097
2008,10990,TRUE,2,40010
2008,11635,FALSE,2,52865
2008,11099,FALSE,2,65444
2008,9495,TRUE,2,91487
2008,9988,FALSE,2,90424
2008,20977,FALSE,2,32332
2008,20977,FALSE,2,32332
2008,6794,FALSE,2,141193
2008,9777,FALSE,2,119348
2008,8995,FALSE,2,133100
2008,9998,FALSE,2,65481
2008,9488,TRUE,2,90057
2008,8994,FALSE,2,90397
2008,8995,TRUE,2,90777
2008,7994,FALSE,2,112267
2008,8988,FALSE,2,73670
2008,12188,TRUE,2,114537
2008,12500,FALSE,2,38907
2008,8999,TRUE,2,81486
2008,7999,FALSE,2,92600
2008,8995,FALSE,2,120647
2008,8797,FALSE,2,119394
2008,7920,FALSE,2,134410
2008,11690,FALSE,2,53486
2008,9985,FALSE,2,111181
2008,9985,FALSE,2,111181
2008,6000,FALSE,2,174162
2008,11995,FALSE,2,90765
2008,8990,TRUE,2,91739
2008,8990,FALSE,2,111529
2008,9950,TRUE,2,80130
2008,9900,FALSE,2,81000
2008,9995,FALSE,2,102063
2008,12115,TRUE,2,103317
2008,11100,FALSE,2,124759
2008,7999,TRUE,2,124000
2008,11995,FALSE,2,90175
2008,8295,FALSE,2,102354
2008,9450,TRUE,2,116249
2008,7900,FALSE,2,108356
2008,6900,TRUE,2,83082
2008,6750,TRUE,2,118000
2008,10377,FALSE,2,100934
2008,10377,FALSE,2,100934
2008,9995,FALSE,2,87653
2008,8495,TRUE,2,117753
2008,7995,TRUE,2,105040
2008,6996,TRUE,2,134213
2008,7999,FALSE,2,138995
2008,7999,FALSE,2,138995
2008,9785,FALSE,2,99540
2008,14500,FALSE,2,15677
2008,7900,FALSE,2,104127
2008,7900,FALSE,2,150879
2008,7900,FALSE,2,150879
2008,9990,FALSE,2,117329
2008,13878,FALSE,2,92642
2008,13878,FALSE,2,92642
2008,9490,FALSE,2,98020
2008,11950,FALSE,2,115876
2008,15998,FALSE,2,56224
2008,6990,FALSE,2,120227
2008,9495,TRUE,2,100699
2008,9975,TRUE,2,101855
2008,12000,FALSE,2,52688
2008,7999,FALSE,2,103839
2008,8800,TRUE,2,109119
2008,7499,TRUE,2,145086
2008,9750,TRUE,2,58458
2008,10900,TRUE,2,57526
2008,8995,FALSE,2,77939
2008,8499,FALSE,2,107960
2008,6500,TRUE,2,168570
2008,6000,TRUE,2,184076
2008,9200,FALSE,2,64397
2008,7688,FALSE,2,143251
2008,9450,TRUE,2,129312
2008,9300,FALSE,2,92040
2008,7572,TRUE,2,152080
2008,8990,FALSE,2,106148
2008,6250,FALSE,2,156735
2008,9786,TRUE,2,92915
2008,10499,FALSE,2,114396
2008,7499,FALSE,2,109937
2008,11990,FALSE,2,52210
2008,9995,TRUE,2,73822
2008,7991,FALSE,2,126707
2008,7407,TRUE,2,114904
2008,9495,TRUE,2,81960
2008,7988,TRUE,2,145249
2008,7988,TRUE,2,145249
2008,14910,FALSE,2,69943
2008,14910,FALSE,2,69943
2008,7999,FALSE,2,126049
2008,8995,FALSE,2,97842
2008,8999,FALSE,2,114646
2008,8990,FALSE,2,95555
2008,12995,FALSE,2,66335
2008,7981,TRUE,2,80735
2008,6981,FALSE,2,140919
2008,9995,FALSE,2,73870
2008,13995,FALSE,2,77541
2008,13995,FALSE,2,77541
2008,9995,FALSE,2,139667
2008,13990,TRUE,2,18880
2008,10900,FALSE,2,66782
2008,7800,TRUE,2,112468
2008,6495,TRUE,2,143119
2008,9350,TRUE,2,58705
2008,7995,TRUE,2,124448
2008,10999,FALSE,2,80073
2008,7495,FALSE,2,149472
2008,10288,FALSE,2,97000
2008,9950,FALSE,2,87203
2008,9997,TRUE,2,108815
2008,9997,TRUE,2,108815
2008,9510,FALSE,2,108920
2008,7999,FALSE,2,130000
2008,8500,FALSE,2,134884
2008,10491,FALSE,2,78711
2008,6850,FALSE,2,101963
2008,7490,FALSE,2,120109
2008,9495,FALSE,2,94570
2008,7990,TRUE,2,135491
2008,9995,FALSE,2,116652
2008,6995,FALSE,2,113325
2008,8975,FALSE,2,102211
2008,12995,FALSE,2,48830
2008,12995,FALSE,2,48830
2008,6999,FALSE,2,127620
2008,9200,TRUE,2,147468
2008,9200,TRUE,2,147468
2008,8999,FALSE,2,104359
2008,8495,FALSE,2,85106
2008,9850,FALSE,2,91000
2008,10500,FALSE,2,88170
2008,10500,FALSE,2,88170
2008,7999,FALSE,2,135130
2008,8495,TRUE,2,114795
2008,9299,FALSE,2,96691
2008,4495,TRUE,2,207250
2008,7878,TRUE,2,147068
2008,16995,FALSE,2,23498
2008,9911,FALSE,2,95495
2008,14500,FALSE,2,25317
2008,12995,FALSE,2,92111
2008,9995,FALSE,2,118950
2008,9995,FALSE,2,118950
2008,6600,FALSE,2,127149
2008,9500,TRUE,2,131024
2008,9999,FALSE,2,124882
2008,9999,FALSE,2,124882
2008,14998,FALSE,2,56257
2008,8995,TRUE,2,97244
2008,9995,TRUE,2,106608
2008,12990,FALSE,2,67389
2008,12990,FALSE,2,67389
2008,8995,FALSE,2,113736
2008,8495,FALSE,2,73306
2008,7900,FALSE,2,132191
2008,9500,FALSE,2,131367
2008,8995,TRUE,2,94725
2008,7995,FALSE,2,143550
2008,9995,FALSE,2,54741
2008,10387,FALSE,2,94613
2008,7995,FALSE,2,132477
2008,8995,FALSE,2,122196
2008,8990,FALSE,2,111387
2008,9490,FALSE,2,101485
2008,8490,FALSE,2,120442
2008,7490,TRUE,2,127664
2008,9995,TRUE,2,91200
2008,8995,FALSE,2,84596
2008,6995,FALSE,2,131930
2008,8495,FALSE,2,113664
2008,12995,FALSE,2,70146
2008,12995,FALSE,2,70146
2008,8500,FALSE,2,85381
2008,9995,FALSE,2,116698
2008,7800,TRUE,2,130893
2008,9850,FALSE,2,103253
2008,9995,FALSE,2,131774
2008,8995,TRUE,2,104029
2008,10900,FALSE,2,91600
2008,11900,FALSE,2,48172
2008,8995,FALSE,2,120248
2008,7985,TRUE,2,98733
2008,16987,FALSE,2,52405
2008,16987,FALSE,2,52405
2008,15995,FALSE,2,58910
2008,8874,TRUE,2,154687
2008,12998,FALSE,2,80596
2008,9699,FALSE,2,123495
2008,8970,TRUE,2,94879
2008,8000,FALSE,2,105839
2008,8999,FALSE,2,92560
2008,8995,FALSE,2,104578
2008,8995,TRUE,2,93368
2008,8950,TRUE,2,84116
2008,6495,TRUE,2,141197
2008,7900,TRUE,2,123045
2008,7988,FALSE,2,99933
2008,10000,FALSE,2,86495
2008,10500,FALSE,2,77392
2008,13998,FALSE,2,73076
2008,7995,TRUE,2,133341
2008,8995,FALSE,2,138671
2008,11995,FALSE,2,89755
2008,9993,FALSE,2,115409
2008,11900,FALSE,2,85727
2008,11900,FALSE,2,85727
2008,12995,FALSE,2,69570
2008,10495,FALSE,2,83731
2008,7997,FALSE,2,112239
2008,7451,FALSE,2,152448
2008,9995,FALSE,2,79221
2008,11400,FALSE,2,79793
2008,10999,FALSE,2,77795
2008,7995,FALSE,2,130107
2008,9999,TRUE,2,118046
2008,9999,TRUE,2,118046
2008,9500,FALSE,2,102309
2008,7950,FALSE,2,131167
2008,8999,FALSE,2,95993
2008,7995,FALSE,2,142932
2008,7600,FALSE,2,132422
2008,10997,TRUE,2,88271
2008,8247,FALSE,2,125014
2008,7995,TRUE,2,113000
2008,8249,FALSE,2,114522
2008,9750,FALSE,2,105715
2008,8900,FALSE,2,92700
2008,14599,FALSE,2,56550
2008,9499,TRUE,2,83617
2008,10900,FALSE,2,80166
2008,10950,TRUE,2,65515
2008,9299,FALSE,2,118923
2008,8499,FALSE,2,102321
2008,9995,FALSE,2,84611
2008,11450,TRUE,2,84000
2008,10950,FALSE,2,94000
2008,8995,FALSE,2,119000
2008,9500,TRUE,2,105450
2008,9500,TRUE,2,105450
2008,9000,TRUE,2,111567
2008,7900,TRUE,2,140000
2008,11995,FALSE,2,95067
2008,10777,TRUE,2,132621
2008,9999,FALSE,2,111130
2008,9999,FALSE,2,111130
2008,8695,FALSE,2,123037
2008,10995,FALSE,2,88670
2008,15999,FALSE,2,34041
2008,9643,FALSE,2,109269
2008,10588,FALSE,2,106822
2008,7450,FALSE,2,162487
2008,10881,FALSE,2,98455
2008,8995,FALSE,2,92004
2008,8977,FALSE,2,113244
2008,9999,FALSE,2,136333
2008,8998,FALSE,2,104156
2008,9995,FALSE,2,102374
2008,7995,FALSE,2,111762
2008,7988,TRUE,2,110874
2008,9995,TRUE,2,113614
2008,10800,TRUE,2,68207
2008,10500,FALSE,2,78964
2008,7450,FALSE,2,111796
2008,10999,FALSE,2,75575
2008,8999,TRUE,2,112790
2008,11744,FALSE,2,54227
2008,8999,TRUE,2,141817
2008,5555,TRUE,2,176182
2008,12995,TRUE,2,96760
2008,11900,TRUE,2,84525
2008,6500,FALSE,2,196744
2008,6500,FALSE,2,196744
2008,7990,TRUE,2,185000
2008,10150,FALSE,2,87972
2008,8500,FALSE,2,127119
2008,6995,TRUE,2,153507
2008,8495,FALSE,2,131760
2008,7995,FALSE,2,138853
2008,10995,FALSE,2,74112
2008,8999,FALSE,2,94377
2008,7800,TRUE,2,116285
2008,7995,FALSE,2,93359
2008,6995,FALSE,2,160000
2008,7999,TRUE,2,165845
2008,7999,FALSE,2,128558
2008,10999,FALSE,2,136414
2008,9995,FALSE,2,119636
2008,10988,FALSE,2,71964
2008,10495,FALSE,2,83159
2008,9995,TRUE,2,105198
2008,9995,FALSE,2,91583
2008,14493,FALSE,2,56393
2008,9500,FALSE,2,83898
2008,10900,FALSE,2,82809
2009,7995,FALSE,2,127724
2009,10995,FALSE,2,105327
2009,10995,FALSE,2,105327
2009,7995,TRUE,2,130736
2009,9995,FALSE,2,139619
2009,11995,FALSE,2,46038
2009,7999,FALSE,2,107915
2009,8900,TRUE,2,84994
2009,13900,FALSE,2,54197
2009,13900,FALSE,2,54197
2009,8950,FALSE,2,140900
2009,14990,FALSE,2,91871
2009,14990,FALSE,2,91871
2009,8500,FALSE,2,116000
2009,9990,FALSE,2,83911
2009,8995,FALSE,2,159000
2009,8995,FALSE,2,159000
2009,7999,FALSE,2,121492
2009,9995,FALSE,2,112881
2009,12595,FALSE,2,57761
2009,7995,FALSE,2,123663
2009,6896,TRUE,2,107221
2009,8500,TRUE,2,79405
2009,9995,FALSE,2,109764
2009,7999,FALSE,2,115578
2009,13995,FALSE,2,53660
2009,10999,FALSE,2,79474
2009,9500,FALSE,2,108529
2009,10712,FALSE,2,109350
2009,9599,FALSE,2,84478
2009,15998,FALSE,2,62830
2009,9490,TRUE,2,127000
2009,7990,FALSE,2,186168
2009,7995,FALSE,2,138404
2009,7358,TRUE,2,128168
2009,9977,TRUE,2,122980
2009,9977,TRUE,2,122980
2009,8998,FALSE,2,108099
2009,8500,FALSE,2,127952
2009,9690,FALSE,2,106675
2009,7898,TRUE,2,98871
2009,9946,FALSE,2,102206
2009,9900,FALSE,2,98706
2009,9990,FALSE,2,78320
2009,9999,FALSE,2,92161
2009,9999,TRUE,2,67251
2009,9999,FALSE,2,74846
2009,8900,FALSE,2,130426
2009,11500,FALSE,2,98575
2009,11500,FALSE,2,98575
2009,6500,TRUE,2,148545
2009,9495,FALSE,2,88186
2009,7999,FALSE,2,133419
2009,11995,FALSE,2,62487
2009,11995,TRUE,2,69691
2009,7800,TRUE,2,89146
2009,8990,FALSE,2,76066
2009,9888,FALSE,2,92031
2009,8495,FALSE,2,111000
2009,7950,FALSE,2,143400
2009,8995,TRUE,2,143944
2009,5995,TRUE,2,177149
2009,10988,FALSE,2,102288
2009,10988,FALSE,2,102288
2009,9490,FALSE,2,93382
2009,10500,TRUE,2,104278
2009,10995,FALSE,2,104255
2009,10995,FALSE,2,104255
2009,6951,FALSE,2,161650
2009,9695,FALSE,2,85849
2009,8696,TRUE,2,109749
2009,9995,FALSE,2,80536
2009,9991,FALSE,2,97667
2009,11755,TRUE,2,76522
2009,8995,FALSE,2,91740
2009,9999,FALSE,2,81228
2009,11795,FALSE,2,88372
2009,11795,FALSE,2,88372
2009,5599,TRUE,2,157784
2009,8499,FALSE,2,129489
2009,10995,TRUE,2,94620
2009,9995,FALSE,2,88518
2009,8987,FALSE,2,131146
2009,10500,TRUE,2,112855
2009,10495,FALSE,2,123592
2009,13795,FALSE,2,59766
2009,11989,FALSE,2,78211
2009,11999,FALSE,2,79112
2009,8975,FALSE,2,120266
2009,9495,FALSE,2,102725
2009,9995,FALSE,2,82803
2009,8999,FALSE,2,119030
2009,10900,FALSE,2,84951
2009,8775,FALSE,2,111525
2009,11999,FALSE,2,97551
2009,8500,FALSE,2,87600
2009,10877,FALSE,2,87473
2009,9995,FALSE,2,129980
2009,9995,FALSE,2,129980
2009,13987,FALSE,2,55162
2009,7995,TRUE,2,114339
2009,13995,FALSE,2,82875
2009,11990,FALSE,2,68827
2009,8495,TRUE,2,127834
2009,10995,FALSE,2,78369
2009,6995,FALSE,2,135030
2009,11995,FALSE,2,95933
2009,6900,TRUE,2,146000
2009,8500,TRUE,2,112102
2009,9950,FALSE,2,107876
2009,11995,FALSE,2,63139
2009,8999,TRUE,2,94981
2009,9999,FALSE,2,95422
2009,7999,FALSE,2,118532
2009,8750,FALSE,2,126577
2009,9995,FALSE,2,105883
2009,9995,FALSE,2,109427
2009,11977,TRUE,2,107398
2009,6999,TRUE,2,119319
2009,10400,FALSE,2,63621
2009,8999,FALSE,2,118798
2009,8999,FALSE,2,100192
2009,8750,FALSE,2,101332
2009,10990,FALSE,2,74442
2009,9995,TRUE,2,88800
2009,8850,TRUE,2,127046
2009,10500,FALSE,2,82131
2009,9995,FALSE,2,124117
2009,8995,FALSE,2,112409
2009,8495,FALSE,2,125142
2009,8800,TRUE,2,128441
2009,10995,FALSE,2,102216
2009,9995,FALSE,2,101835
2009,13991,FALSE,2,62995
2009,13991,FALSE,2,62995
2009,9990,FALSE,2,79414
2009,9095,FALSE,2,91851
2009,10995,FALSE,2,79837
2009,11888,FALSE,2,72414
2009,9999,FALSE,2,88876
2009,11999,TRUE,2,77244
2009,11999,TRUE,2,77244
2009,8995,FALSE,2,103515
2009,9500,FALSE,2,80577
2009,11990,FALSE,2,86462
2009,12999,FALSE,2,91451
2009,14850,FALSE,2,62274
2009,11350,FALSE,2,48609
2009,10800,FALSE,2,103896
2009,14476,FALSE,2,45210
2009,10900,FALSE,2,83305
2009,8998,TRUE,2,95937
2009,9495,FALSE,2,104412
2009,8990,FALSE,2,92139
2009,14998,FALSE,2,59324
2009,10500,FALSE,2,86889
2009,11995,FALSE,2,82430
2009,11995,FALSE,2,82430
2009,7999,FALSE,2,147407
2009,10997,FALSE,2,71825
2009,6799,FALSE,2,131204
2009,7900,FALSE,2,132770
2009,10995,FALSE,2,70859
2009,10425,FALSE,2,80931
2009,9483,FALSE,2,83812
2009,11599,FALSE,2,70816
2009,7889,FALSE,2,94820
2009,8995,TRUE,2,83690
2009,15998,FALSE,2,31818
2009,9815,FALSE,2,89639
2009,11999,TRUE,2,83621
2009,9800,FALSE,2,87659
2009,10995,FALSE,2,104000
2009,10995,FALSE,2,104000
2009,10995,FALSE,2,70247
2009,6995,FALSE,2,137630
2009,8490,TRUE,2,112163
2009,9995,FALSE,2,88600
2009,10000,TRUE,2,119001
2009,11650,FALSE,2,84877
2009,7999,FALSE,2,100484
2009,8739,TRUE,2,115741
2009,7900,TRUE,2,117430
2009,12886,FALSE,2,47761
2009,9995,FALSE,2,106208
2009,10995,FALSE,2,97697
2009,8900,FALSE,2,142903
2009,11500,FALSE,2,67341
2009,8777,FALSE,2,100300
2009,9995,FALSE,2,102201
2009,8999,TRUE,2,129090
2009,8999,TRUE,2,129090
2009,10442,FALSE,2,82736
2009,6500,TRUE,2,142098
2009,9999,TRUE,2,116948
2009,11462,FALSE,2,60997
2009,9998,FALSE,2,72321
2009,9625,FALSE,2,94048
2009,11990,TRUE,2,127023
2009,12831,FALSE,2,50534
2009,7449,TRUE,2,128668
2009,9995,FALSE,2,95074
2009,11699,FALSE,2,67740
2009,8999,TRUE,2,82648
2009,11999,FALSE,2,72543
2009,9950,TRUE,2,93243
2009,7798,TRUE,2,112932
2009,6750,FALSE,2,170000
2009,11995,FALSE,2,106729
2009,13983,FALSE,2,47357
2009,7995,FALSE,2,118996
2009,8715,FALSE,2,124027
2009,13991,FALSE,2,58519
2009,8999,FALSE,2,109304
2009,12675,FALSE,2,78437
2009,12675,FALSE,2,78437
2009,11700,FALSE,2,74676
2009,14599,TRUE,2,59491
2009,8995,FALSE,2,110593
2009,12850,FALSE,2,28386
2009,11492,FALSE,2,68982
2009,10995,FALSE,2,88603
2009,9250,FALSE,2,86143
2009,12488,FALSE,2,64096
2009,11400,FALSE,2,90473
2009,8900,FALSE,2,113741
2009,6900,TRUE,2,192348
2009,10995,FALSE,2,83180
2009,7500,TRUE,2,111301
2009,9495,FALSE,2,94002
2009,11599,FALSE,2,57801
2009,10995,TRUE,2,97891
2009,10799,FALSE,2,101320
2009,11900,FALSE,2,84550
2009,10980,FALSE,2,81197
2009,9999,FALSE,2,113328
2009,11495,FALSE,2,74557
2009,9995,TRUE,2,87594
2009,8292,FALSE,2,109044
2009,9990,FALSE,2,99552
2009,11991,TRUE,2,65429
2009,14699,FALSE,2,40244
2009,9550,FALSE,2,102000
2009,10995,FALSE,2,73307
2009,9995,TRUE,2,108000
2009,10800,FALSE,2,82702
2009,9990,FALSE,2,94000
2009,9980,FALSE,2,97117
2009,9995,FALSE,2,95419
2009,10794,TRUE,2,86830
2009,8495,FALSE,2,106133
2009,7495,FALSE,2,132656
2009,8990,TRUE,2,105316
2009,10500,FALSE,2,81942
2009,7852,FALSE,2,153739
2009,8250,FALSE,2,118739
2009,7995,TRUE,2,122846
2009,6999,FALSE,2,98293
2009,9990,FALSE,2,106113
2009,8990,FALSE,2,90557
2009,9995,TRUE,2,89419
2009,8900,FALSE,2,100553
2009,11995,FALSE,2,63143
2009,12993,FALSE,2,86784
2009,11900,FALSE,2,72232
2009,10900,FALSE,2,119436
2009,10900,FALSE,2,119436
2009,8490,FALSE,2,109985
2009,9990,FALSE,2,94741
2009,9955,FALSE,2,106371
2009,7995,FALSE,2,116666
2009,11900,TRUE,2,143655
2009,9900,TRUE,2,74269
2009,10999,FALSE,2,78080
2009,11800,FALSE,2,86272
2009,8900,TRUE,2,115000
2009,9900,FALSE,2,121000
2009,11995,FALSE,2,97194
2009,11495,FALSE,2,80000
2009,10295,FALSE,2,98761
2009,12777,FALSE,2,68075
2009,10498,FALSE,2,99146
2009,10450,FALSE,2,91012
2009,8900,FALSE,2,123234
2009,12690,FALSE,2,31854
2009,9995,FALSE,2,100880
2009,6750,TRUE,2,157198
2009,7995,FALSE,2,169171
2009,11950,FALSE,2,75000
2009,11500,TRUE,2,94000
2009,7995,FALSE,2,128963
2009,8999,FALSE,2,138195
2009,9250,FALSE,2,95222
2009,8500,FALSE,2,122499
2009,8999,TRUE,2,72382
2009,11990,FALSE,2,116723
2009,11999,TRUE,2,68839
2009,9750,FALSE,2,113777
2009,9995,TRUE,2,95652
2009,9999,FALSE,2,92445
2009,10785,FALSE,2,94803
2009,14991,FALSE,2,52896
2009,8995,FALSE,2,143534
2009,7990,FALSE,2,148981
2009,9400,FALSE,2,97199
2009,10495,FALSE,2,81645
2009,8990,FALSE,2,128043
2009,13550,FALSE,2,56250
2009,13550,FALSE,2,56250
2009,11200,FALSE,2,86965
2009,11995,FALSE,2,124229
2009,7850,TRUE,2,128863
2009,10800,FALSE,2,89272
2009,12985,FALSE,2,78554
2009,12985,FALSE,2,78554
2009,8995,FALSE,2,107440
2009,9490,FALSE,2,85970
2009,9399,TRUE,2,85189
2009,9495,FALSE,2,112382
2009,9995,FALSE,2,103428
2009,14995,FALSE,2,49215
2009,7999,FALSE,2,127610
2009,7495,FALSE,2,143042
2009,10425,FALSE,2,72586
2009,9299,FALSE,2,84811
2009,8495,FALSE,2,93166
2009,9500,TRUE,2,123750
2009,6999,TRUE,2,111044
2009,8699,FALSE,2,122073
2009,9990,TRUE,2,69718
2009,9377,TRUE,2,79997
2009,9995,TRUE,2,87341
2009,9000,TRUE,2,86300
2009,8850,TRUE,2,110735
2009,11495,TRUE,2,88151
2009,8750,FALSE,2,91517
2009,12288,FALSE,2,91105
2009,12995,FALSE,2,77542